,country
United States,1245
Switzerland,834
Canada,792
South Korea,657
China,397
Netherlands,263
India,239
Brazil,177
Singapore,176
Japan,150
Taiwan,145
Costa Rica,128
United Kingdom,125
Germany,106
Russia,91
Portugal,88
France,73
Ireland,66
Lithuania,66
Bulgaria,44
Belgium,43
Vietnam,38
Hong Kong,36
Australia,29
Poland,27
Azerbaijan,18
Indonesia,12
Mongolia,10
Romania,9
Thailand,8
Ukraine,5
Iran,5
Sweden,5
Spain,4
Nigeria,4
Cambodia,4
Turkey,4
Egypt,4
Colombia,4
Italy,3
Sri Lanka,3
Bangladesh,3
Argentina,3
South Africa,3
Slovakia,2
Norway,2
Albania,2
Pakistan,1
Czechia,1
Ecuador,1
Slovenia,1
Venezuela,1
Israel,1
Timor-Leste,1
Honduras,1
Austria,1
Uganda,1
Philippines,1
Iraq,1
Georgia,1
Bolivia,1
Kazakhstan,1
Kenya,1
Mexico,1
